site,Sx,Sy,Sz
0,0.0,0j,-0.12758274460680927
1,0.0,0j,0.08077180645143206
2,0.0,0j,-0.15193491851675295
3,0.0,0j,0.10638092560486878
4,0.0,0j,-0.165857107841782
5,0.0,0j,0.11909408640955307
6,0.0,0j,-0.17240357323156405
7,0.0,0j,0.1230630514620026
8,0.0,0j,-0.17240357323156605
9,0.0,0j,0.11909408640955677
10,0.0,0j,-0.1658571078417631
11,0.0,0j,0.10638092560492045
12,0.0,0j,-0.1519349185167508
13,0.0,0j,0.08077180645145955
14,0.0,0j,-0.12758274460685798
