site,Sx,Sy,Sz
0,0.0,0.0,-0.12758274460681762
1,0.0,0.0,0.08077180645143639
2,0.0,0.0,-0.15193491851673918
3,0.0,0.0,0.10638092560492046
4,0.0,0.0,-0.16585710784177743
5,0.0,0.0,0.119094086409735
6,0.0,0.0,-0.1724035732315587
7,0.0,0.0,0.12306305146199978
8,0.0,0.0,-0.1724035732315613
9,0.0,0.0,0.11909408640954824
10,0.0,0.0,-0.16585710784177754
11,0.0,0.0,0.10638092560491563
12,0.0,0.0,-0.15193491851676066
13,0.0,0.0,0.08077180645143717
14,0.0,0.0,-0.12758274460681948
