site,Sx,Sy,Sz
0,0.0,0.0,-0.442304324680561
1,0.0,0.0,-0.16479878768754724
2,0.0,0.0,-0.11922073374168912
3,0.0,0.0,-0.27458586088557807
4,0.0,0.0,-0.261314098191527
5,0.0,0.0,-0.14633341056579455
6,0.0,0.0,-0.19944244272471615
7,0.0,0.0,-0.2840006830451604
8,0.0,0.0,-0.19944244272471112
9,0.0,0.0,-0.1463334105657957
10,0.0,0.0,-0.26131409819155194
11,0.0,0.0,-0.27458586088557607
12,0.0,0.0,-0.11922073374169079
13,0.0,0.0,-0.1647987876875639
14,0.0,0.0,-0.442304324680561
