site,Sx,Sy,Sz
0,0.0,0j,-0.12758274460684496
1,0.0,0j,0.08077180645146208
2,0.0,0j,-0.1519349185167513
3,0.0,0j,0.10638092560493559
4,0.0,0j,-0.1658571078417845
5,0.0,0j,0.11909408640956021
6,0.0,0j,-0.1724035732315712
7,0.0,0j,0.12306305146200792
8,0.0,0j,-0.17240357323157154
9,0.0,0j,0.1190940864095601
10,0.0,0j,-0.16585710784178578
11,0.0,0j,0.10638092560496881
12,0.0,0j,-0.15193491851675162
13,0.0,0j,0.08077180645143939
14,0.0,0j,-0.12758274460681512
