site,Sx,Sy,Sz
0,0.0,0.0,-0.4423043246805607
1,0.0,0.0,-0.1647987876875479
2,0.0,0.0,-0.11922073374169521
3,0.0,0.0,-0.27458586088557324
4,0.0,0.0,-0.2613140981915357
5,0.0,0.0,-0.14633341056579768
6,0.0,0.0,-0.1994424427247041
7,0.0,0.0,-0.28400068304516074
8,0.0,0.0,-0.1994424427247173
9,0.0,0.0,-0.14633341056580162
10,0.0,0.0,-0.2613140981915267
11,0.0,0.0,-0.27458586088557685
12,0.0,0.0,-0.11922073374169277
13,0.0,0.0,-0.1647987876875656
14,0.0,0.0,-0.44230432468056197
