site,Sx,Sy,Sz
0,0.0,0.0,-0.38372013130620747
1,0.0,0.0,0.0059707112200543255
2,0.0,0.0,-0.16639795087408688
3,0.0,0.0,-0.2350275476844768
4,0.0,0.0,-0.05370797696618652
5,0.0,0.0,-0.18361624628900738
6,0.0,0.0,-0.2020479631801945
7,0.0,0.0,-0.06290578983969375
8,0.0,0.0,-0.2020479631801566
9,0.0,0.0,-0.18361624628900622
10,0.0,0.0,-0.05370797696618872
11,0.0,0.0,-0.2350275476845153
12,0.0,0.0,-0.1663979508740874
13,0.0,0.0,0.005970711220053632
14,0.0,0.0,-0.38372013130620686
